{"type":"footer","name":"Footer group","sections":{"footer":{"type":"footer","blocks":{"block-1":{"type":"text","settings":{"heading":"YSA Footer Info","column_width":2,"title":"About Us","subheading":"Built for winners.","text":"<p><strong>YSA Solutions<\/strong> creates undetectable game tools built for domination.<br\/><br\/>Trusted by serious players worldwide, we deliver performance with zero compromise.<\/p>","logo":"shopify:\/\/shop_images\/f3fa2e79-1bb3-4997-9ab1-0c77e46b104f-removebg-preview_89a0ed9e-cb54-4c0b-91de-a389e2c09ef0.png","logo_url":"","logo_width":130,"show_email":false,"show_phone":false,"show_location":false,"show_fax":false,"fax":"","show_social_media":false}},"block-2":{"type":"link_list","settings":{"heading":"","column_width":1,"title":"Quick Links","subheading":"","menu":"footer"}},"block-3":{"type":"newsletter","settings":{"heading":"YSA Newsletter Signup","column_width":2,"title":"Stay Ahead of the Game","subheading":"Join the YSA VIP list for exclusive tool drops, stealth updates & insider-only offers.","show_newsletter_first_name":false,"enable_newsletter_opt_in_checkbox":true,"customer_tag":"ysa-newsletter"}},"html_CcTRVp":{"type":"html","settings":{"heading":"","column_width":5,"title":"","subheading":"","html_area":"<style>\n  .ysa-footer-glow {\n    text-align: center;\n    padding: -20px -20px;\n    font-size: 15px;\n    color: #00bfff;\n    text-shadow: 0 0 3px #00bfff;\n    transition: text-shadow 0.3s ease;\n  }\n\n  .ysa-footer-glow:hover {\n    text-shadow: 0 0 6px #00bfff, 0 0 10px #00bfff;\n  }\n<\/style>\n\n<div class=\"ysa-footer-glow\">\n  © 2025 <strong>YSA Solutions<\/strong> · Powered by Shopify\n<\/div>"}}},"block_order":["block-1","block-2","block-3","html_CcTRVp"],"disabled":true,"settings":{"show_social_media":false,"social_media_position_desktop":"right","social_media_position_mobile":"left","social_media_title":"Follow-us on social media!","show_policy_links":false,"color_scheme":"background-1"}}},"order":["footer"]}