{"type":"header","name":"Header group","sections":{"header":{"type":"header","disabled":true,"custom_css":[".header-menu__link--icon-cart img {width: 40px !important; height: 40px !important; max-width: 40px !important; max-height: 40px !important; transform: translateY(1px);}"],"settings":{"layout":"logo-left-navigation-left","menu":"main-menu","search_type":"default","search_type_mobile":"minimal","enable_logo_link":true,"enable_login_text":true,"icon":"perm_identity","logo_default":"shopify:\/\/shop_images\/f3fa2e79-1bb3-4997-9ab1-0c77e46b104f-removebg-preview_89a0ed9e-cb54-4c0b-91de-a389e2c09ef0.png","logo_width_desktop":90,"logo_width_mobile":80,"color_scheme":""}},"drawer-menu":{"type":"drawer-menu","settings":{"logo_width":100,"toggle_submenu_on_links":true,"show_email":true,"show_phone":true,"show_social_medias":true,"show_menu_icon":false,"heading":"Menu","primary_menu":"main-menu","secondary_menu":"footer","color_scheme":""}}},"order":["header","drawer-menu"]}