{"type":"custom.widgets","name":"Widgets group","sections":{"sales-popup-notification":{"type":"dbtfy-sales-popup-notification","settings":{"template_style":"square","template_position":"bottom-left","template_position_for_mobile":"bottom","hide_powered_by_debutify":false,"enable_notification_sound":true,"popup_animation_style":"slide-up","template_radius":8,"enalbe_homepage":true,"enalbe_product_page":true,"enable_collection_page":true,"product_image_shape":"square","product_image_edge_radius":12,"product_image_width":100,"product_image_height":100,"display_time":10,"activate_popup":true,"show_product_star_rating":true,"show_button_for_detail":true,"detail_button_text":"See detail","customer_names":"Edward,Anna,Cristina,James,Michael,Rovert,John,David,William,Ricahrd","city_names":"Califonia,Illinois,New York,Seattle,Chicago,Austin,Denver,San Francisco,Boston,Portland","products":[],"time":"1 min ago","show_low_stock_bar":true,"text_for_low_stock_bar":"Only _STOCK_ items in stock!","threshold_quantity":10,"enable_badge":true,"badge_text":"sale","badge_icon":"shield","color_scheme":"","opacity":5,"horizontal_offset":4,"vertical_offset":4,"blur":20}},"age-check":{"type":"dbtfy-age-check","settings":{"type":"birth-date","valid_age":18,"logo_width":80,"color_scheme":""}},"announcement-bar":{"type":"dbtfy-announcement-bar","disabled":true,"settings":{"enable_sticky_bar":false,"enable_small_text_on_mobile":false,"show_social_medias":true,"show_email_address":true,"show_phone_number":true,"left_message":"","right_message":"","rotation_speed":5,"color_scheme":""}},"cart-goal":{"type":"dbtfy-cart-goal","settings":{"text":"You're {amount} away from FREE shipping!","goal_amount":"70","reached_text":"You are eligible for FREE shipping!","icon":"local_shipping"}},"cart-notification":{"type":"dbtfy-cart-notification","settings":{"button_style":"btn--primary","color_scheme":""}},"cart-reminder":{"type":"dbtfy-cart-reminder","settings":{"show_on_desktop":true,"show_on_mobile":true,"display_time":7,"interval_time":10,"position":"left","button_style":"btn--primary","color_scheme":""}},"product-bullet-points":{"type":"dbtfy-product-bullet-points","settings":{"position":"separate-block","position_in_description":"above","show_one_per_line":true,"bullet_type":"icon","text_alignment":"justify-content-start text-start"}},"cart-upsell":{"type":"dbtfy-cart-upsell","settings":{"button_style":"btn--primary"}},"color-swatches":{"type":"dbtfy-color-swatches","settings":{}},"customizable-products":{"type":"dbtfy-customizable-products","settings":{}},"delivery-time":{"type":"dbtfy-delivery-time","settings":{}},"mega-menu":{"type":"dbtfy-mega-menu","settings":{}},"newsletter-popup":{"type":"dbtfy-newsletter-popup","settings":{"show_floating_bar_on_desktop":true,"show_floating_bar_on_mobile":true,"floating_bar_position":"right","floating_bar_icon":"arrow_drop_up","width":"md","image_position":"center-center","image_as_background":false,"icon":"mail","enable_time_trigger":false,"time_trigger_timeout":15,"enable_exit_intent":true,"enable_scroll_depth_trigger":false,"scroll_depth_percentage":15,"customer_tag":"newsletter","discount_name":"","discount_amount":"","discount_type":"%","discount_prefix":"Get","discount_suffix":"off","color_scheme":""}},"product-swatches":{"type":"dbtfy-product-swatches","settings":{"show_in_product_grid":true}},"quantity-breaks":{"type":"dbtfy-quantity-breaks","settings":{"heading":"Quantity breaks","single_break_text":"Buy _COUNT_","single_break_subtext":"Standard price","single_break_subtext_breaks":"You have saved _SAVED_AMOUNT_","text":"Add _COUNT_ more item to unlock _DISCOUNT_AMOUNT_ off","highest_discount_text":"Highest discount applied!"}},"size-chart":{"type":"dbtfy-size-chart","settings":{"icon":"straighten","button_label":"Size chart","popup_size":"lg"}},"social-discount":{"type":"dbtfy-social-discount","settings":{"icon":"share","width":"md","discount_name":"","discount_amount":"","discount_type":"%"}},"upsell-popup":{"type":"dbtfy-upsell-popup","settings":{"width":"md","description_tab_heading":"See product details","decline_offer_text":"No thanks","go_to_checkout_text":"Go to checkout →","text_alignment":"text-center","progress_bar_width":75,"color_scheme":""}}},"order":["sales-popup-notification","age-check","announcement-bar","cart-goal","cart-notification","cart-reminder","product-bullet-points","cart-upsell","color-swatches","customizable-products","delivery-time","mega-menu","newsletter-popup","product-swatches","quantity-breaks","size-chart","social-discount","upsell-popup"]}