{"current":{"logo":"shopify:\/\/shop_images\/f3fa2e79-1bb3-4997-9ab1-0c77e46b104f-removebg-preview_89a0ed9e-cb54-4c0b-91de-a389e2c09ef0.png","search_drawer_color_scheme":"scheme-9a0957df-c820-448f-a508-2cb207de5117","icon":"material-icons-two-tone","enable_full_product_titles":true,"cart_icon":"bag-2","cart_custom_icon":"shopify:\/\/shop_images\/Untitled_design__2_-removebg-preview.png","favicon":"shopify:\/\/shop_images\/f3fa2e79-1bb3-4997-9ab1-0c77e46b104f-removebg-preview_89a0ed9e-cb54-4c0b-91de-a389e2c09ef0.png","social_tiktok_link":"tiktok.com\/@ysasolutions","social_youtube_link":"https:\/\/www.youtube.com\/@ysa-team","dbtfy_cart_goal":false,"dbtfy_gift_wrap":false,"dbtfy_cart_bubble":false,"dbtfy_social_discount":false,"dbtfy_sticky_addtocart":false,"dbtfy_newsletter_popup":false,"dbtfy_wish_list":false,"dbtfy_automatic_geolocation":true,"dbtfy_cart_favicon":false,"dbtfy_custom_currencies":false,"dbtfy_page_transition":false,"dbtfy_quick_compare":false,"dbtfy_comparison_table":false,"dbtfy_result_section":false,"dbtfy_before_after_image":false,"dbtfy_custom_currencies_supported_currencies":"USD CAD INR GBP AUD EUR JPY AED","dbtfy_facebook_messenger_show_on_mobile":false,"dbtfy_gift_wrap_product":"labubu-giftwrap","dbtfy_gift_wrap_show_price":true,"dbtfy_inactive_tab_delay":3,"dbtfy_infinite_scroll_type":"scroll","dbtfy_page_transition_logo":"shopify:\/\/shop_images\/f3fa2e79-1bb3-4997-9ab1-0c77e46b104f-removebg-preview_89a0ed9e-cb54-4c0b-91de-a389e2c09ef0.png","dbtfy_page_transition_width":50,"dbtfy_full_screen_show_arrows":false,"dbtfy_quick_view_show_on_desktop":false,"dbtfy_quick_view_show_on_mobile":false,"dbtfy_recently_viewed_bar_show_desktop":false,"dbtfy_recently_viewed_bar_show_mobile":false,"dbtfy_show_second_image_on_hover_show_on_hover":false,"trust_badges_heading":"","trust_badges_subheading":"","trust_badges_text":"","trust_badges_show_on_footer":false,"trust_badges_badges_footer_location":"above","trust_badges_payment_icon_size":30,"trust_badges_payment_icon_1":"shopify:\/\/shop_images\/apple-pay-icon-2048x1594-cl3st1bm.png","trust_badges_payment_icon_2":"shopify:\/\/shop_images\/mastercard-icon-2048x1286-s6y46dfh.png","trust_badges_payment_icon_3":"shopify:\/\/shop_images\/visa-icon-2048x1313-o6hi8q5l.png","trust_badges_payment_icon_4":"shopify:\/\/shop_images\/174861.png","dbtfy_wish_list_show_bubble":false,"dbtfy_wish_list_enable_bubble_animation":false,"dbtfy_wish_list_show_count":false,"dbtfy_scrollbar_style":"default","dbtfy_cursor_img":"shopify:\/\/shop_images\/Pink_Labubu--cursor--SweezyCursors.png","dbtfy_cursor_size":35,"content_for_index":[],"color_schemes":{"background-1":{"settings":{"background":"#0a0f1a","accent_background":"#1a1f27","borders":"#00bfff","headings":"#0072b5","text":"#0072b5","buttons_background":"#00aeef","buttons_label":"#3d3d3d","links":"#00bfff","inputs_background":"#1f2933","errors":"#ff3131","sales":"#a8e4ff","overlay_background":"#000000","overlay_text":"#ffffff"}},"background-2":{"settings":{"background":"#755aff","accent_background":"#f2ecff","borders":"#755aff","headings":"#ffffff","text":"#ffffff","buttons_background":"#ffffff","buttons_label":"#755aff","links":"#f2ecff","inputs_background":"#ffffff","errors":"#eb361e","sales":"#eb361e","overlay_background":"#212529","overlay_text":"#ffffff"}},"scheme-9a0957df-c820-448f-a508-2cb207de5117":{"settings":{"background":"#fff8e7","accent_background":"#fbd6e1","borders":"#d4bda5","headings":"#4a2f2b","text":"#4e4e4e","buttons_background":"#b2e3d7","buttons_label":"#3b3b3b","links":"#ff91aa","inputs_background":"#c8e8c4","errors":"#ff7e79","sales":"#ffe49c","overlay_background":"#282828","overlay_text":"#ffffff"}}}},"platform_customizations":{"custom_css":[]}}