{"sections":{"ysa_hero_rh4k9i":{"type":"ysa-hero","name":"YSA HERO","settings":{"header_offset":0,"shop_text":"Shop Now","shop_link":"shopify:\/\/collections\/all","discord_text":"Join Discord","discord_link":"https:\/\/discord.gg\/ysa","rating_score":"4.9\/5","rating_count":"300+ users","featured_heading":"Featured Products","featured_count":3,"featured_columns_desktop":3,"view_all_label":"View all products","view_all_link":"","product_1":"fortnite-private","product_2":"fortnite-private","product_3":"fortnite-private","product_4":"","show_dividers":true,"gap_featured_top":75,"gap_how_top":75,"gap_reviews_top":75,"gap_footer_top":0,"how_show":true,"how_title":"How YSA Cheats Works","how_subtitle":"Simple steps to get started with our services","how_button_label":"Browse Our Products →","how_button_link":"shopify:\/\/collections\/all","how_columns_desktop":4,"reviews_show":true,"reviews_speed_sec":20,"mask_profanity":true,"footer_credit_label":"Designed by @obalqsmi","footer_credit_url":""}}},"order":["ysa_hero_rh4k9i"]}